timeStamp,elapsed,label,responseCode,responseMessage,threadName,dataType,success,failureMessage,bytes,sentBytes,grpThreads,allThreads,URL,Latency,IdleTime,Connect
1657352173931,3370,My First HTTP Request,200,OK,Thread Group 1-1,text,true,,247899,144,2,2,https://ruhaniaawaz.blogspot.com//search/label/Bollywood,2852,0,2480
1657352175916,1749,My First HTTP Request,200,OK,Thread Group 1-2,text,true,,247899,144,1,1,https://ruhaniaawaz.blogspot.com//search/label/Bollywood,1379,0,992
1657352177917,1013,My First HTTP Request,200,OK,Thread Group 1-3,text,true,,247899,144,1,1,https://ruhaniaawaz.blogspot.com//search/label/Bollywood,551,0,253
1657352179906,1007,My First HTTP Request,200,OK,Thread Group 1-4,text,true,,247899,144,1,1,https://ruhaniaawaz.blogspot.com//search/label/Bollywood,596,0,304
1657352181913,1042,My First HTTP Request,200,OK,Thread Group 1-5,text,true,,247899,144,1,1,https://ruhaniaawaz.blogspot.com//search/label/Bollywood,613,0,306
1657352183920,1010,My First HTTP Request,200,OK,Thread Group 1-6,text,true,,247899,144,1,1,https://ruhaniaawaz.blogspot.com//search/label/Bollywood,592,0,281
1657352185918,962,My First HTTP Request,200,OK,Thread Group 1-7,text,true,,247899,144,1,1,https://ruhaniaawaz.blogspot.com//search/label/Bollywood,567,0,276
1657352187939,1034,My First HTTP Request,200,OK,Thread Group 1-8,text,true,,248096,144,1,1,https://ruhaniaawaz.blogspot.com//search/label/Bollywood,607,0,301
1657352189934,1004,My First HTTP Request,200,OK,Thread Group 1-9,text,true,,247899,144,1,1,https://ruhaniaawaz.blogspot.com//search/label/Bollywood,591,0,285
1657352191936,994,My First HTTP Request,200,OK,Thread Group 1-10,text,true,,247899,144,1,1,https://ruhaniaawaz.blogspot.com//search/label/Bollywood,594,0,285
